Price,Close,High,Low,Open,Volume
Ticker,NHI,NHI,NHI,NHI,NHI
Datetime,,,,,
2025-01-02 14:30:00+00:00,68.91999816894531,69.22000122070312,68.73770141601562,68.87000274658203,23182
2025-01-02 15:00:00+00:00,69.38999938964844,69.44999694824219,68.6500015258789,69.0,32653
2025-01-02 15:30:00+00:00,68.87000274658203,69.3499984741211,68.80000305175781,69.33000183105469,19343
2025-01-02 16:00:00+00:00,68.66500091552734,68.85099792480469,68.44499969482422,68.80000305175781,16849
2025-01-02 16:30:00+00:00,68.12529754638672,68.74500274658203,68.12529754638672,68.74500274658203,7189
2025-01-02 17:00:00+00:00,68.12999725341797,68.61000061035156,68.12999725341797,68.33999633789062,18970
2025-01-02 17:30:00+00:00,68.0999984741211,68.13999938964844,67.9000015258789,68.08999633789062,5956
2025-01-02 18:00:00+00:00,68.1500015258789,68.23999786376953,67.94000244140625,68.0250015258789,9012
2025-01-02 18:30:00+00:00,68.02999877929688,68.12000274658203,67.9800033569336,68.0999984741211,6952
2025-01-02 19:00:00+00:00,68.2699966430664,68.31999969482422,67.91000366210938,67.98999786376953,23781
2025-01-02 19:30:00+00:00,68.1500015258789,68.37000274658203,67.94499969482422,68.23999786376953,12288
2025-01-02 20:00:00+00:00,68.36000061035156,68.68000030517578,68.16999816894531,68.16999816894531,18389
2025-01-02 20:30:00+00:00,68.37000274658203,68.55999755859375,68.05000305175781,68.36000061035156,89039
2025-01-03 14:30:00+00:00,68.51000213623047,68.80500030517578,67.42009735107422,68.38999938964844,15909
2025-01-03 15:00:00+00:00,69.08000183105469,69.08000183105469,68.5,68.5999984741211,8805
2025-01-03 15:30:00+00:00,69.05000305175781,69.05999755859375,68.9000015258789,69.04499816894531,12140
2025-01-03 16:00:00+00:00,68.98999786376953,69.11000061035156,68.88500213623047,69.05000305175781,4002
2025-01-03 16:30:00+00:00,69.23999786376953,69.27999877929688,69.04000091552734,69.05999755859375,8008
2025-01-03 17:00:00+00:00,69.24009704589844,69.40499877929688,69.12999725341797,69.31999969482422,7751
2025-01-03 17:30:00+00:00,69.30000305175781,69.36000061035156,69.02999877929688,69.16000366210938,26252
2025-01-03 18:00:00+00:00,69.02999877929688,69.33499908447266,69.01000213623047,69.30999755859375,5786
2025-01-03 18:30:00+00:00,69.2499008178711,69.27999877929688,69.1050033569336,69.13999938964844,8554
2025-01-03 19:00:00+00:00,69.13999938964844,69.40499877929688,68.9800033569336,69.31999969482422,14809
2025-01-03 19:30:00+00:00,68.97000122070312,69.20999908447266,68.94000244140625,69.13999938964844,11073
2025-01-03 20:00:00+00:00,68.81999969482422,68.9749984741211,68.73999786376953,68.97000122070312,11267
2025-01-03 20:30:00+00:00,69.12000274658203,69.2300033569336,68.73999786376953,68.80999755859375,54369
2025-01-06 14:30:00+00:00,68.01499938964844,68.54000091552734,67.7699966430664,68.47000122070312,9425
2025-01-06 15:00:00+00:00,67.9749984741211,68.33000183105469,67.76419830322266,67.83999633789062,9813
2025-01-06 15:30:00+00:00,68.3499984741211,68.47000122070312,67.7300033569336,68.17729949951172,13436
2025-01-06 16:00:00+00:00,68.06999969482422,68.26000213623047,67.83999633789062,68.26000213623047,13455
2025-01-06 16:30:00+00:00,68.3949966430664,68.3949966430664,68.0999984741211,68.0999984741211,8724
2025-01-06 17:00:00+00:00,68.19000244140625,68.19999694824219,68.05000305175781,68.19999694824219,3704
2025-01-06 17:30:00+00:00,68.1675033569336,68.33000183105469,68.0000991821289,68.12999725341797,16307
2025-01-06 18:00:00+00:00,68.0999984741211,68.22000122070312,67.97000122070312,68.12999725341797,10229
2025-01-06 18:30:00+00:00,67.95999908447266,68.18000030517578,67.63500213623047,68.06999969482422,25422
2025-01-06 19:00:00+00:00,67.72000122070312,67.91500091552734,67.72000122070312,67.86000061035156,10079
2025-01-06 19:30:00+00:00,67.54000091552734,67.83000183105469,67.54000091552734,67.76000213623047,9079
2025-01-06 20:00:00+00:00,67.55500030517578,67.88500213623047,67.45999908447266,67.45999908447266,13210
2025-01-06 20:30:00+00:00,66.95999908447266,67.55500030517578,66.83000183105469,67.55500030517578,40936
2025-01-07 14:30:00+00:00,68.26000213623047,68.26000213623047,67.375,67.41000366210938,14871
2025-01-07 15:00:00+00:00,67.27999877929688,68.01000213623047,67.05599975585938,68.01000213623047,10003
2025-01-07 15:30:00+00:00,67.13500213623047,67.41000366210938,67.08499908447266,67.29499816894531,7602
2025-01-07 16:00:00+00:00,67.0999984741211,67.2699966430664,66.80000305175781,67.18499755859375,7887
2025-01-07 16:30:00+00:00,66.94000244140625,67.01000213623047,66.86000061035156,67.01000213623047,6489
2025-01-07 17:00:00+00:00,67.25,67.25,66.94999694824219,67.06999969482422,7765
2025-01-07 17:30:00+00:00,67.13999938964844,67.3499984741211,67.04000091552734,67.25,7541
2025-01-07 18:00:00+00:00,67.05000305175781,67.23999786376953,67.02999877929688,67.23999786376953,4288
2025-01-07 18:30:00+00:00,67.0250015258789,67.19000244140625,66.99500274658203,67.06999969482422,9711
2025-01-07 19:00:00+00:00,67.04000091552734,67.04000091552734,66.7699966430664,67.0,11552
2025-01-07 19:30:00+00:00,66.95999908447266,67.05000305175781,66.88999938964844,67.0,11250
2025-01-07 20:00:00+00:00,66.93000030517578,67.12999725341797,66.92500305175781,67.0,12675
2025-01-07 20:30:00+00:00,67.1500015258789,67.30000305175781,66.91999816894531,66.9800033569336,38202
2025-01-08 14:30:00+00:00,66.88999938964844,67.22000122070312,66.27999877929688,67.22000122070312,7518
2025-01-08 15:00:00+00:00,67.20999908447266,67.38999938964844,67.01090240478516,67.0199966430664,5875
2025-01-08 15:30:00+00:00,67.81999969482422,67.87000274658203,67.18440246582031,67.26000213623047,5987
2025-01-08 16:00:00+00:00,67.69000244140625,68.0199966430664,67.69000244140625,67.86000061035156,6222
2025-01-08 16:30:00+00:00,67.8949966430664,68.04000091552734,67.6500015258789,67.67500305175781,13763
2025-01-08 17:00:00+00:00,67.47000122070312,67.75,67.47000122070312,67.7300033569336,15136
2025-01-08 17:30:00+00:00,67.33000183105469,67.4800033569336,67.2699966430664,67.32499694824219,5688
2025-01-08 18:00:00+00:00,67.45999908447266,67.56500244140625,67.29000091552734,67.44000244140625,8451
2025-01-08 18:30:00+00:00,67.3499984741211,67.5999984741211,67.26000213623047,67.5999984741211,8816
2025-01-08 19:00:00+00:00,67.58999633789062,67.58999633789062,67.25779724121094,67.29000091552734,6093
2025-01-08 19:30:00+00:00,67.41999816894531,67.52999877929688,67.27050018310547,67.52999877929688,9457
2025-01-08 20:00:00+00:00,67.55999755859375,67.62000274658203,67.36000061035156,67.4000015258789,12928
2025-01-08 20:30:00+00:00,67.69000244140625,67.72000122070312,67.3949966430664,67.55999755859375,50343
2025-01-10 14:30:00+00:00,66.31999969482422,66.73999786376953,66.31999969482422,66.73999786376953,9746
2025-01-10 15:00:00+00:00,66.31999969482422,66.62999725341797,66.20999908447266,66.33000183105469,11816
2025-01-10 15:30:00+00:00,66.55999755859375,66.62000274658203,66.33000183105469,66.54000091552734,9019
2025-01-10 16:00:00+00:00,65.98999786376953,66.5250015258789,65.71499633789062,66.5250015258789,10441
2025-01-10 16:30:00+00:00,65.77999877929688,66.12000274658203,65.77999877929688,66.02999877929688,7897
2025-01-10 17:00:00+00:00,65.34480285644531,65.87999725341797,65.19000244140625,65.87999725341797,20316
2025-01-10 17:30:00+00:00,65.20999908447266,65.30999755859375,65.12999725341797,65.27999877929688,9202
2025-01-10 18:00:00+00:00,65.44000244140625,65.45999908447266,65.16000366210938,65.22000122070312,11071
2025-01-10 18:30:00+00:00,65.62999725341797,65.72000122070312,65.31999969482422,65.43000030517578,8359
2025-01-10 19:00:00+00:00,65.83000183105469,65.83000183105469,65.47000122070312,65.56999969482422,9056
2025-01-10 19:30:00+00:00,65.83999633789062,65.8499984741211,65.56999969482422,65.69000244140625,9967
2025-01-10 20:00:00+00:00,65.94000244140625,66.04000091552734,65.69999694824219,65.83999633789062,13742
2025-01-10 20:30:00+00:00,66.26000213623047,66.27999877929688,65.77999877929688,65.93499755859375,47290
2025-01-13 14:30:00+00:00,66.0199966430664,66.06999969482422,65.54000091552734,66.06999969482422,6657
2025-01-13 15:00:00+00:00,65.9000015258789,66.19999694824219,65.9000015258789,66.01499938964844,7716
2025-01-13 15:30:00+00:00,66.07499694824219,66.26499938964844,66.02999877929688,66.04000091552734,5836
2025-01-13 16:00:00+00:00,66.13999938964844,66.18000030517578,65.94000244140625,66.04000091552734,8363
2025-01-13 16:30:00+00:00,66.08000183105469,66.16999816894531,66.0,66.12000274658203,19696
2025-01-13 17:00:00+00:00,66.29499816894531,66.51499938964844,66.27999877929688,66.27999877929688,4441
2025-01-13 17:30:00+00:00,66.41000366210938,66.45500183105469,65.88999938964844,66.38999938964844,52039
2025-01-13 18:00:00+00:00,66.41000366210938,66.44499969482422,66.29000091552734,66.39710235595703,4414
2025-01-13 18:30:00+00:00,66.48999786376953,66.5999984741211,66.48999786376953,66.55999755859375,3422
2025-01-13 19:00:00+00:00,66.70999908447266,66.76000213623047,66.51000213623047,66.55500030517578,12054
2025-01-13 19:30:00+00:00,66.66000366210938,66.79000091552734,66.61000061035156,66.6500015258789,7543
2025-01-13 20:00:00+00:00,66.95999908447266,67.08999633789062,66.57499694824219,66.62000274658203,19130
2025-01-13 20:30:00+00:00,67.23999786376953,67.30999755859375,66.96499633789062,66.96499633789062,29796
2025-01-14 14:30:00+00:00,67.21649932861328,67.43000030517578,67.12259674072266,67.1500015258789,5080
2025-01-14 15:00:00+00:00,67.68499755859375,67.81500244140625,67.43000030517578,67.43499755859375,6063
2025-01-14 15:30:00+00:00,67.70719909667969,67.9800033569336,67.70500183105469,67.70500183105469,5150
2025-01-14 16:00:00+00:00,67.6050033569336,67.7802963256836,67.49500274658203,67.69999694824219,4291
2025-01-14 16:30:00+00:00,67.45500183105469,67.51499938964844,67.37999725341797,67.51000213623047,9862
2025-01-14 17:00:00+00:00,67.26000213623047,67.44499969482422,67.1500015258789,67.38999938964844,8398
2025-01-14 17:30:00+00:00,67.25,67.41000366210938,67.13999938964844,67.26000213623047,8823
2025-01-14 18:00:00+00:00,67.51000213623047,67.51000213623047,67.27950286865234,67.3499984741211,3327
2025-01-14 18:30:00+00:00,67.69000244140625,67.79499816894531,67.48999786376953,67.5199966430664,7390
2025-01-14 19:00:00+00:00,67.54499816894531,67.7145004272461,67.5250015258789,67.63999938964844,5418
2025-01-14 19:30:00+00:00,67.44000244140625,67.65499877929688,67.38999938964844,67.57240295410156,7543
2025-01-14 20:00:00+00:00,67.66000366210938,67.66000366210938,67.31999969482422,67.36499786376953,7885
2025-01-14 20:30:00+00:00,67.6500015258789,67.80000305175781,67.58000183105469,67.68000030517578,26320
2025-01-15 14:30:00+00:00,68.69999694824219,69.19999694824219,68.2300033569336,68.88999938964844,8373
2025-01-15 15:00:00+00:00,68.18000030517578,68.30000305175781,67.81009674072266,68.30000305175781,3858
2025-01-15 15:30:00+00:00,67.99500274658203,68.23999786376953,67.83000183105469,68.23999786376953,3952
2025-01-15 16:00:00+00:00,68.0199966430664,68.0199966430664,67.87999725341797,67.87999725341797,1655
2025-01-15 16:30:00+00:00,68.08999633789062,68.08999633789062,67.79000091552734,68.03500366210938,4530
2025-01-15 17:00:00+00:00,67.96499633789062,68.2300033569336,67.96499633789062,68.01000213623047,6776
2025-01-15 17:30:00+00:00,67.9749984741211,68.05999755859375,67.9749984741211,68.05999755859375,2553
2025-01-15 18:00:00+00:00,67.94999694824219,67.98999786376953,67.8416976928711,67.98999786376953,2507
2025-01-15 18:30:00+00:00,67.9800033569336,68.11000061035156,67.88999938964844,68.11000061035156,3855
2025-01-15 19:00:00+00:00,68.04000091552734,68.0999984741211,67.875,67.9000015258789,11023
2025-01-15 19:30:00+00:00,68.16320037841797,68.29000091552734,68.04000091552734,68.16999816894531,4336
2025-01-15 20:00:00+00:00,68.3499984741211,68.36000061035156,68.05999755859375,68.23999786376953,6127
2025-01-15 20:30:00+00:00,68.16000366210938,68.35379791259766,68.1050033569336,68.20999908447266,37754
2025-01-16 14:30:00+00:00,68.13999938964844,68.48500061035156,68.01000213623047,68.19999694824219,4093
2025-01-16 15:00:00+00:00,68.44999694824219,68.44999694824219,68.0,68.0,3025
2025-01-16 15:30:00+00:00,68.5,68.72940063476562,68.23500061035156,68.44499969482422,4364
2025-01-16 16:00:00+00:00,68.8499984741211,68.87000274658203,68.63500213623047,68.63500213623047,4007
2025-01-16 16:30:00+00:00,68.8499984741211,68.8550033569336,68.65499877929688,68.8550033569336,3449
2025-01-16 17:00:00+00:00,68.76139831542969,68.95999908447266,68.75499725341797,68.88999938964844,11431
2025-01-16 17:30:00+00:00,69.0199966430664,69.0199966430664,68.83999633789062,68.8499984741211,4737
2025-01-16 18:00:00+00:00,68.65499877929688,68.94000244140625,68.65499877929688,68.86000061035156,6388
2025-01-16 18:30:00+00:00,68.76499938964844,68.76499938964844,68.6050033569336,68.76000213623047,2913
2025-01-16 19:00:00+00:00,68.94000244140625,68.94000244140625,68.5999984741211,68.66000366210938,5348
2025-01-16 19:30:00+00:00,68.88999938964844,68.94999694824219,68.76000213623047,68.91000366210938,5817
2025-01-16 20:00:00+00:00,68.98999786376953,69.0199966430664,68.75,68.91999816894531,9656
2025-01-16 20:30:00+00:00,69.20999908447266,69.5199966430664,68.98999786376953,68.98999786376953,51814
2025-01-17 14:30:00+00:00,69.30000305175781,69.65499877929688,69.30000305175781,69.5199966430664,12163
2025-01-17 15:00:00+00:00,69.26000213623047,69.51000213623047,69.19000244140625,69.51000213623047,3672
2025-01-17 15:30:00+00:00,69.2300033569336,69.3499984741211,69.17500305175781,69.17500305175781,4919
2025-01-17 16:00:00+00:00,68.87000274658203,69.13999938964844,68.87000274658203,69.13999938964844,4610
2025-01-17 16:30:00+00:00,68.88999938964844,68.92500305175781,68.76499938964844,68.77999877929688,6607
2025-01-17 17:00:00+00:00,68.81999969482422,68.8949966430664,68.80999755859375,68.80999755859375,3027
2025-01-17 17:30:00+00:00,68.94999694824219,68.94999694824219,68.81999969482422,68.83999633789062,3261
2025-01-17 18:00:00+00:00,68.94999694824219,69.0199966430664,68.87000274658203,68.94999694824219,3657
2025-01-17 18:30:00+00:00,68.96499633789062,69.12000274658203,68.83000183105469,68.8949966430664,9397
2025-01-17 19:00:00+00:00,68.9800033569336,69.12000274658203,68.91999816894531,69.05999755859375,5929
2025-01-17 19:30:00+00:00,69.04000091552734,69.08999633789062,68.88999938964844,69.05000305175781,8462
2025-01-17 20:00:00+00:00,69.30999755859375,69.30999755859375,68.98419952392578,68.99500274658203,14189
2025-01-17 20:30:00+00:00,69.31999969482422,69.5,69.0999984741211,69.30999755859375,66369
2025-01-21 14:30:00+00:00,70.33999633789062,70.33999633789062,69.80000305175781,69.80000305175781,7293
2025-01-21 15:00:00+00:00,70.22000122070312,70.38999938964844,70.20999908447266,70.37000274658203,2974
2025-01-21 15:30:00+00:00,70.2249984741211,70.37799835205078,69.89769744873047,70.33999633789062,9544
2025-01-21 16:00:00+00:00,70.42990112304688,70.42990112304688,70.23999786376953,70.26499938964844,4431
2025-01-21 16:30:00+00:00,70.5,70.56500244140625,70.36499786376953,70.36499786376953,10536
2025-01-21 17:00:00+00:00,70.63999938964844,70.63999938964844,70.47850036621094,70.47850036621094,8254
2025-01-21 17:30:00+00:00,70.61000061035156,70.83999633789062,70.5999984741211,70.5999984741211,9064
2025-01-21 18:00:00+00:00,70.44499969482422,70.58999633789062,70.30000305175781,70.55000305175781,5734
2025-01-21 18:30:00+00:00,70.42500305175781,70.54000091552734,70.37000274658203,70.44499969482422,9915
2025-01-21 19:00:00+00:00,70.30000305175781,70.5,70.30000305175781,70.46499633789062,7128
2025-01-21 19:30:00+00:00,70.28500366210938,70.29000091552734,70.11000061035156,70.29000091552734,8414
2025-01-21 20:00:00+00:00,70.5999984741211,70.5999984741211,70.17500305175781,70.19999694824219,18332
2025-01-21 20:30:00+00:00,70.43000030517578,70.63999938964844,70.30999755859375,70.55999755859375,42797
2025-01-22 14:30:00+00:00,69.37999725341797,69.94999694824219,68.83999633789062,69.94999694824219,7187
2025-01-22 15:00:00+00:00,68.9800033569336,69.43499755859375,68.9800033569336,69.43499755859375,5123
2025-01-22 15:30:00+00:00,68.52999877929688,69.05999755859375,68.52999877929688,69.05999755859375,6268
2025-01-22 16:00:00+00:00,68.37000274658203,68.55000305175781,68.3550033569336,68.41999816894531,5031
2025-01-22 16:30:00+00:00,68.05999755859375,68.43000030517578,67.94000244140625,68.43000030517578,14469
2025-01-22 17:00:00+00:00,67.84500122070312,67.99500274658203,67.82029724121094,67.87999725341797,5423
2025-01-22 17:30:00+00:00,68.12999725341797,68.16000366210938,67.87149810791016,67.95999908447266,18799
2025-01-22 18:00:00+00:00,68.44999694824219,68.44999694824219,68.12999725341797,68.12999725341797,8275
2025-01-22 18:30:00+00:00,68.38899993896484,68.52999877929688,68.38899993896484,68.47000122070312,3217
2025-01-22 19:00:00+00:00,68.70500183105469,68.70500183105469,68.38999938964844,68.4749984741211,9738
2025-01-22 19:30:00+00:00,68.75,68.86000061035156,68.69999694824219,68.70500183105469,20082
2025-01-22 20:00:00+00:00,68.62000274658203,68.75499725341797,68.52999877929688,68.75,10754
2025-01-22 20:30:00+00:00,68.41000366210938,68.81999969482422,68.37000274658203,68.58000183105469,45316
2025-01-23 14:30:00+00:00,68.05000305175781,68.3927993774414,67.69950103759766,68.27999877929688,7487
2025-01-23 15:00:00+00:00,68.13999938964844,68.31999969482422,68.0,68.0,5636
2025-01-23 15:30:00+00:00,68.26679992675781,68.41999816894531,68.0999984741211,68.19000244140625,4887
2025-01-23 16:00:00+00:00,68.69999694824219,68.69999694824219,68.25,68.5,6801
2025-01-23 16:30:00+00:00,68.375,68.56500244140625,68.29000091552734,68.41000366210938,2168
2025-01-23 17:00:00+00:00,68.4749984741211,68.4749984741211,68.27999877929688,68.27999877929688,3718
2025-01-23 17:30:00+00:00,68.41999816894531,68.61000061035156,68.33000183105469,68.42500305175781,6097
2025-01-23 18:00:00+00:00,68.45999908447266,68.45999908447266,68.20999908447266,68.34500122070312,4640
2025-01-23 18:30:00+00:00,68.33000183105469,68.47000122070312,68.24079895019531,68.47000122070312,4549
2025-01-23 19:00:00+00:00,68.30999755859375,68.33000183105469,68.25,68.31999969482422,2871
2025-01-23 19:30:00+00:00,68.29000091552734,68.33000183105469,68.12999725341797,68.2699966430664,5226
2025-01-23 20:00:00+00:00,68.5999984741211,68.61000061035156,68.13500213623047,68.22000122070312,10076
2025-01-23 20:30:00+00:00,69.0,69.01000213623047,68.50499725341797,68.5999984741211,29227
2025-01-24 14:30:00+00:00,68.59500122070312,68.79499816894531,68.40619659423828,68.5,5443
2025-01-24 15:00:00+00:00,68.8499984741211,69.16000366210938,68.58999633789062,68.58999633789062,3450
2025-01-24 15:30:00+00:00,69.08999633789062,69.08999633789062,68.77960205078125,68.86000061035156,2255
2025-01-24 16:00:00+00:00,69.22570037841797,69.29000091552734,69.11499786376953,69.11499786376953,3989
2025-01-24 16:30:00+00:00,69.40499877929688,69.40499877929688,69.19000244140625,69.19999694824219,3406
2025-01-24 17:00:00+00:00,69.73999786376953,69.73999786376953,69.37999725341797,69.41999816894531,9985
2025-01-24 17:30:00+00:00,69.66999816894531,69.66999816894531,69.5999984741211,69.5999984741211,1145
2025-01-24 18:00:00+00:00,69.83999633789062,69.9800033569336,69.6500015258789,69.6500015258789,11148
2025-01-24 18:30:00+00:00,69.68499755859375,69.70999908447266,69.68499755859375,69.70999908447266,1885
2025-01-24 19:00:00+00:00,69.69000244140625,69.77999877929688,69.63999938964844,69.72000122070312,10693
2025-01-24 19:30:00+00:00,69.75,69.81999969482422,69.58000183105469,69.69999694824219,10165
2025-01-24 20:00:00+00:00,69.79000091552734,69.87999725341797,69.75,69.87000274658203,7190
2025-01-24 20:30:00+00:00,69.61000061035156,69.80999755859375,69.51499938964844,69.79000091552734,41233
2025-01-27 14:30:00+00:00,71.12999725341797,71.43000030517578,69.7300033569336,69.7300033569336,6450
2025-01-27 15:00:00+00:00,70.80999755859375,71.31999969482422,70.52999877929688,71.0199966430664,6444
2025-01-27 15:30:00+00:00,70.52999877929688,70.78500366210938,70.44000244140625,70.78500366210938,4058
2025-01-27 16:00:00+00:00,70.37999725341797,70.55000305175781,70.1449966430664,70.55000305175781,9500
2025-01-27 16:30:00+00:00,70.72000122070312,70.72000122070312,70.48999786376953,70.54000091552734,8035
2025-01-27 17:00:00+00:00,70.91000366210938,70.91999816894531,70.63999938964844,70.69499969482422,7345
2025-01-27 17:30:00+00:00,70.86000061035156,71.01000213623047,70.86000061035156,70.86000061035156,4447
2025-01-27 18:00:00+00:00,70.97000122070312,71.08989715576172,70.83999633789062,70.9000015258789,6364
2025-01-27 18:30:00+00:00,70.69499969482422,70.98819732666016,70.61499786376953,70.97000122070312,20916
2025-01-27 19:00:00+00:00,70.66999816894531,70.75,70.42500305175781,70.69499969482422,5580
2025-01-27 19:30:00+00:00,70.63249969482422,70.83999633789062,70.63249969482422,70.75,7300
2025-01-27 20:00:00+00:00,70.56999969482422,70.69999694824219,70.4800033569336,70.62999725341797,10674
2025-01-27 20:30:00+00:00,70.86000061035156,70.94000244140625,70.30999755859375,70.47000122070312,44747
2025-01-28 14:30:00+00:00,70.88999938964844,71.05000305175781,70.4000015258789,70.41000366210938,8455
2025-01-28 15:00:00+00:00,70.66000366210938,70.8949966430664,70.66000366210938,70.8949966430664,1747
2025-01-28 15:30:00+00:00,70.69999694824219,70.81500244140625,70.66600036621094,70.77999877929688,4360
2025-01-28 16:00:00+00:00,70.23999786376953,70.76000213623047,70.22000122070312,70.59500122070312,6366
2025-01-28 16:30:00+00:00,70.18000030517578,70.38999938964844,70.17500305175781,70.30000305175781,5064
2025-01-28 17:00:00+00:00,69.83999633789062,70.18000030517578,69.83999633789062,70.18000030517578,7630
2025-01-28 17:30:00+00:00,69.79000091552734,69.84500122070312,69.73999786376953,69.83499908447266,5724
2025-01-28 18:00:00+00:00,69.73999786376953,69.9000015258789,69.69000244140625,69.70999908447266,4777
2025-01-28 18:30:00+00:00,69.48500061035156,69.80000305175781,69.37999725341797,69.73999786376953,7007
2025-01-28 19:00:00+00:00,69.4800033569336,69.48999786376953,69.16999816894531,69.29000091552734,5690
2025-01-28 19:30:00+00:00,69.09500122070312,69.43499755859375,69.04000091552734,69.37999725341797,6225
2025-01-28 20:00:00+00:00,69.44499969482422,69.48999786376953,69.11070251464844,69.12999725341797,10763
2025-01-28 20:30:00+00:00,69.68000030517578,69.75,69.44000244140625,69.44499969482422,29605
2025-01-29 14:30:00+00:00,69.51499938964844,70.12999725341797,69.28500366210938,69.54000091552734,10625
2025-01-29 15:00:00+00:00,69.24500274658203,69.91999816894531,69.2300033569336,69.90699768066406,17480
2025-01-29 15:30:00+00:00,68.69349670410156,69.08000183105469,68.61000061035156,69.06999969482422,4696
2025-01-29 16:00:00+00:00,68.20500183105469,68.61000061035156,68.16999816894531,68.61000061035156,4350
2025-01-29 16:30:00+00:00,68.10749816894531,68.33999633789062,68.01000213623047,68.20999908447266,5126
2025-01-29 17:00:00+00:00,68.05000305175781,68.05000305175781,67.75,68.00700378417969,9044
2025-01-29 17:30:00+00:00,68.05999755859375,68.13999938964844,67.9000015258789,68.01499938964844,8843
2025-01-29 18:00:00+00:00,67.77770233154297,68.03500366210938,67.77770233154297,68.03500366210938,8763
2025-01-29 18:30:00+00:00,67.58999633789062,67.68000030517578,67.58000183105469,67.68000030517578,2842
2025-01-29 19:00:00+00:00,66.94499969482422,67.5,66.78500366210938,67.5,15206
2025-01-29 19:30:00+00:00,67.27999877929688,67.5999984741211,66.75499725341797,66.94000244140625,17820
2025-01-29 20:00:00+00:00,67.50499725341797,67.50499725341797,66.94000244140625,67.27999877929688,10095
2025-01-29 20:30:00+00:00,67.33000183105469,67.51000213623047,67.2500991821289,67.38999938964844,21493
2025-01-30 14:30:00+00:00,67.86000061035156,68.4800033569336,67.86000061035156,68.02999877929688,8509
2025-01-30 15:00:00+00:00,68.1624984741211,68.34500122070312,68.11000061035156,68.11000061035156,2537
2025-01-30 15:30:00+00:00,68.30000305175781,68.5,68.14900207519531,68.31999969482422,3632
2025-01-30 16:00:00+00:00,68.50499725341797,68.55000305175781,68.45999908447266,68.47000122070312,3594
2025-01-30 16:30:00+00:00,68.42500305175781,68.61000061035156,68.29000091552734,68.61000061035156,3250
2025-01-30 17:00:00+00:00,68.20500183105469,68.3499984741211,68.13999938964844,68.33999633789062,5934
2025-01-30 17:30:00+00:00,68.41000366210938,68.41000366210938,68.33499908447266,68.33999633789062,2172
2025-01-30 18:00:00+00:00,68.51499938964844,68.51499938964844,68.47509765625,68.4800033569336,2518
2025-01-30 18:30:00+00:00,68.62999725341797,68.69999694824219,68.55000305175781,68.56999969482422,5120
2025-01-30 19:00:00+00:00,68.6050033569336,68.65499877929688,68.50499725341797,68.65499877929688,4130
2025-01-30 19:30:00+00:00,68.44000244140625,68.55000305175781,68.43000030517578,68.52999877929688,4002
2025-01-30 20:00:00+00:00,68.37999725341797,68.44000244140625,68.2699966430664,68.44000244140625,7729
2025-01-30 20:30:00+00:00,68.30000305175781,68.3949966430664,67.66000366210938,68.3949966430664,37609
2025-01-31 14:30:00+00:00,68.22000122070312,68.22000122070312,67.72000122070312,67.91999816894531,4893
2025-01-31 15:00:00+00:00,68.30618286132812,68.3750991821289,67.93000030517578,68.08000183105469,6307
2025-01-31 15:30:00+00:00,68.40499877929688,68.41500091552734,68.30999755859375,68.41500091552734,2791
2025-01-31 16:00:00+00:00,68.41000366210938,68.51000213623047,68.24500274658203,68.5,4221
2025-01-31 16:30:00+00:00,68.36499786376953,68.5,68.36499786376953,68.45999908447266,4418
2025-01-31 17:00:00+00:00,68.28500366210938,68.31999969482422,68.18000030517578,68.2699966430664,4935
2025-01-31 17:30:00+00:00,68.48999786376953,68.6050033569336,68.4000015258789,68.4000015258789,5276
2025-01-31 18:00:00+00:00,68.11499786376953,68.58499908447266,68.11000061035156,68.49500274658203,7295
2025-01-31 18:30:00+00:00,67.76000213623047,67.94000244140625,67.73999786376953,67.94000244140625,4319
2025-01-31 19:00:00+00:00,67.86499786376953,67.90750122070312,67.69999694824219,67.7300033569336,6636
2025-01-31 19:30:00+00:00,67.98500061035156,68.02999877929688,67.76000213623047,68.02999877929688,7202
2025-01-31 20:00:00+00:00,67.96499633789062,68.04000091552734,67.8375015258789,67.9800033569336,9027
2025-01-31 20:30:00+00:00,68.05000305175781,68.22750091552734,67.84249877929688,67.95999908447266,29423
2025-02-03 14:30:00+00:00,67.0999984741211,67.41000366210938,67.04060363769531,67.1500015258789,10958
2025-02-03 15:00:00+00:00,68.36000061035156,68.5,66.91999816894531,66.91999816894531,7974
2025-02-03 15:30:00+00:00,68.06500244140625,68.43000030517578,68.02749633789062,68.43000030517578,3915
2025-02-03 16:00:00+00:00,68.30999755859375,68.43000030517578,67.94000244140625,68.07499694824219,4334
2025-02-03 16:30:00+00:00,68.38500213623047,68.58000183105469,68.27999877929688,68.27999877929688,3364
2025-02-03 17:00:00+00:00,68.48860168457031,68.5,68.30000305175781,68.38999938964844,19489
2025-02-03 17:30:00+00:00,68.5,68.58999633789062,68.36000061035156,68.38999938964844,8841
2025-02-03 18:00:00+00:00,68.43499755859375,68.43499755859375,68.43499755859375,68.43499755859375,407
2025-02-03 18:30:00+00:00,68.4000015258789,68.5199966430664,68.33689880371094,68.46499633789062,2374
2025-02-03 19:00:00+00:00,68.58499908447266,68.63999938964844,68.40499877929688,68.40499877929688,3077
2025-02-03 19:30:00+00:00,68.79000091552734,68.83000183105469,68.6500015258789,68.6500015258789,9927
2025-02-03 20:00:00+00:00,68.5999984741211,68.86000061035156,68.5999984741211,68.73999786376953,11276
2025-02-03 20:30:00+00:00,68.6500015258789,68.86000061035156,68.52999877929688,68.63999938964844,37823
2025-02-04 14:30:00+00:00,68.04000091552734,68.48999786376953,68.04000091552734,68.48999786376953,7004
2025-02-04 15:00:00+00:00,68.2249984741211,68.2249984741211,68.19000244140625,68.19000244140625,1257
2025-02-04 15:30:00+00:00,68.00499725341797,68.41500091552734,67.94999694824219,68.21499633789062,4498
2025-02-04 16:00:00+00:00,67.97000122070312,68.05999755859375,67.97000122070312,68.05999755859375,2292
2025-02-04 16:30:00+00:00,68.23999786376953,68.30999755859375,68.19000244140625,68.19000244140625,2323
2025-02-04 17:00:00+00:00,68.20999908447266,68.43000030517578,68.20999908447266,68.30000305175781,2176
2025-02-04 17:30:00+00:00,68.43499755859375,68.44000244140625,68.2500991821289,68.30000305175781,3154
2025-02-04 18:00:00+00:00,68.4000015258789,68.4000015258789,68.30010223388672,68.37999725341797,1874
2025-02-04 18:30:00+00:00,67.98999786376953,68.31999969482422,67.98999786376953,68.31999969482422,5083
2025-02-04 19:00:00+00:00,68.1500015258789,68.22000122070312,68.08000183105469,68.08499908447266,8453
2025-02-04 19:30:00+00:00,68.05750274658203,68.18000030517578,68.0199966430664,68.14610290527344,4450
2025-02-04 20:00:00+00:00,68.15399932861328,68.15399932861328,68.01000213623047,68.06500244140625,3234
2025-02-04 20:30:00+00:00,68.01000213623047,68.38749694824219,68.0,68.19000244140625,27994
2025-02-05 14:30:00+00:00,68.21499633789062,68.46499633789062,68.16000366210938,68.46499633789062,6249
2025-02-05 15:00:00+00:00,68.72000122070312,68.9749984741211,68.1500015258789,68.36000061035156,8063
2025-02-05 15:30:00+00:00,68.79499816894531,68.79499816894531,68.68000030517578,68.71499633789062,3065
2025-02-05 16:00:00+00:00,68.8949966430664,68.90499877929688,68.68000030517578,68.80500030517578,4865
2025-02-05 16:30:00+00:00,68.87999725341797,69.0250015258789,68.87999725341797,68.8949966430664,4064
2025-02-05 17:00:00+00:00,68.80000305175781,68.91999816894531,68.66079711914062,68.76000213623047,8325
2025-02-05 17:30:00+00:00,68.94999694824219,69.0,68.83000183105469,68.83000183105469,7233
2025-02-05 18:00:00+00:00,68.92500305175781,69.00499725341797,68.87000274658203,69.00499725341797,2200
2025-02-05 18:30:00+00:00,68.91999816894531,69.0999984741211,68.91999816894531,68.92500305175781,5779
2025-02-05 19:00:00+00:00,68.77999877929688,68.98999786376953,68.5906982421875,68.94999694824219,5129
2025-02-05 19:30:00+00:00,68.80999755859375,68.94999694824219,68.69000244140625,68.7699966430664,30953
2025-02-05 20:00:00+00:00,68.8499984741211,68.8499984741211,68.66999816894531,68.76499938964844,20838
2025-02-05 20:30:00+00:00,68.66999816894531,68.91500091552734,68.61000061035156,68.79499816894531,23569
2025-02-06 14:30:00+00:00,68.83000183105469,69.2300033569336,68.79000091552734,68.83000183105469,9979
2025-02-06 15:00:00+00:00,69.41999816894531,69.66999816894531,69.0199966430664,69.0199966430664,7641
2025-02-06 15:30:00+00:00,69.2750015258789,69.53500366210938,69.22000122070312,69.5199966430664,14277
2025-02-06 16:00:00+00:00,70.0999984741211,70.0999984741211,69.37000274658203,69.37000274658203,7898
2025-02-06 16:30:00+00:00,69.44999694824219,70.04000091552734,69.44999694824219,70.01000213623047,29966
2025-02-06 17:00:00+00:00,69.16999816894531,69.44999694824219,69.16999816894531,69.33999633789062,16671
2025-02-06 17:30:00+00:00,69.25,69.45999908447266,69.22000122070312,69.22000122070312,8904
2025-02-06 18:00:00+00:00,69.18000030517578,69.3550033569336,69.18000030517578,69.3550033569336,2549
2025-02-06 18:30:00+00:00,68.83499908447266,69.19000244140625,68.83499908447266,69.04000091552734,3974
2025-02-06 19:00:00+00:00,68.3550033569336,68.9000015258789,68.3550033569336,68.83000183105469,7174
2025-02-06 19:30:00+00:00,68.70999908447266,68.7750015258789,68.44499969482422,68.44499969482422,9471
2025-02-06 20:00:00+00:00,68.81999969482422,68.9000015258789,68.66999816894531,68.66999816894531,8108
2025-02-06 20:30:00+00:00,68.79000091552734,69.0199966430664,68.68000030517578,68.8499984741211,37711
2025-02-07 14:30:00+00:00,68.7699966430664,68.7699966430664,68.3499984741211,68.62999725341797,2636
2025-02-07 15:00:00+00:00,68.19000244140625,68.48999786376953,68.05999755859375,68.48999786376953,3119
2025-02-07 15:30:00+00:00,67.92749786376953,68.27999877929688,67.83499908447266,68.11000061035156,5917
2025-02-07 16:00:00+00:00,67.98999786376953,68.1500015258789,67.8499984741211,67.8499984741211,4999
2025-02-07 16:30:00+00:00,68.11250305175781,68.16000366210938,68.04000091552734,68.11499786376953,1607
2025-02-07 17:00:00+00:00,68.21499633789062,68.33000183105469,68.03500366210938,68.125,5104
2025-02-07 17:30:00+00:00,68.18499755859375,68.27999877929688,68.16000366210938,68.27999877929688,2839
2025-02-07 18:00:00+00:00,68.43000030517578,68.43000030517578,68.29499816894531,68.29499816894531,1416
2025-02-07 18:30:00+00:00,68.41500091552734,68.55940246582031,68.39009857177734,68.39009857177734,2342
2025-02-07 19:00:00+00:00,68.06999969482422,68.41000366210938,68.06999969482422,68.3949966430664,6220
2025-02-07 19:30:00+00:00,67.92500305175781,68.25,67.88500213623047,68.19999694824219,22302
2025-02-07 20:00:00+00:00,67.72000122070312,67.93710327148438,67.68000030517578,67.93499755859375,9233
2025-02-07 20:30:00+00:00,67.52999877929688,67.76000213623047,67.52999877929688,67.73999786376953,24637
2025-02-10 14:30:00+00:00,66.19000244140625,67.2699966430664,66.0719985961914,67.2699966430664,5555
2025-02-10 15:00:00+00:00,66.77999877929688,66.77999877929688,66.48999786376953,66.55999755859375,2723
2025-02-10 15:30:00+00:00,66.8550033569336,67.0,66.54000091552734,66.73500061035156,10674
2025-02-10 16:00:00+00:00,66.9113998413086,66.94000244140625,66.66000366210938,66.94000244140625,6481
2025-02-10 16:30:00+00:00,67.16000366210938,67.33689880371094,66.69999694824219,66.69999694824219,4916
2025-02-10 17:00:00+00:00,67.22000122070312,67.25,66.9749984741211,67.22000122070312,6465
2025-02-10 17:30:00+00:00,67.19999694824219,67.36000061035156,67.12999725341797,67.25,5602
2025-02-10 18:00:00+00:00,67.1010971069336,67.27999877929688,67.1010971069336,67.22000122070312,5719
2025-02-10 18:30:00+00:00,67.33999633789062,67.38999938964844,67.22000122070312,67.22000122070312,3401
2025-02-10 19:00:00+00:00,67.55000305175781,67.56999969482422,67.34500122070312,67.45719909667969,9638
2025-02-10 19:30:00+00:00,67.33000183105469,67.58000183105469,67.26499938964844,67.58000183105469,7168
2025-02-10 20:00:00+00:00,67.33999633789062,67.41500091552734,67.12999725341797,67.27999877929688,8726
2025-02-10 20:30:00+00:00,67.02999877929688,67.31999969482422,66.86000061035156,67.31999969482422,29507
2025-02-11 14:30:00+00:00,66.76000213623047,66.9000015258789,66.48999786376953,66.73999786376953,13565
2025-02-11 15:00:00+00:00,66.55999755859375,67.05989837646484,66.55999755859375,66.7655029296875,8864
2025-02-11 15:30:00+00:00,66.33999633789062,66.62000274658203,66.33999633789062,66.58000183105469,9711
2025-02-11 16:00:00+00:00,66.0,66.62999725341797,66.0,66.3949966430664,34423
2025-02-11 16:30:00+00:00,66.33999633789062,66.33999633789062,66.13999938964844,66.1500015258789,4299
2025-02-11 17:00:00+00:00,66.16000366210938,66.54000091552734,66.16000366210938,66.27999877929688,7005
2025-02-11 17:30:00+00:00,66.11000061035156,66.32499694824219,66.08000183105469,66.08000183105469,2803
2025-02-11 18:00:00+00:00,66.17500305175781,66.17500305175781,66.0,66.0,2013
2025-02-11 18:30:00+00:00,66.29499816894531,66.37000274658203,66.21499633789062,66.21499633789062,5275
2025-02-11 19:00:00+00:00,66.30000305175781,66.44000244140625,66.23999786376953,66.23999786376953,4184
2025-02-11 19:30:00+00:00,66.43000030517578,66.5999984741211,66.37249755859375,66.37249755859375,4901
2025-02-11 20:00:00+00:00,66.20500183105469,66.32499694824219,66.08999633789062,66.32499694824219,10522
2025-02-11 20:30:00+00:00,66.29000091552734,66.55000305175781,66.13999938964844,66.20500183105469,58788
2025-02-12 14:30:00+00:00,65.79000091552734,65.86499786376953,65.22480010986328,65.44999694824219,5134
2025-02-12 15:00:00+00:00,65.80999755859375,66.04000091552734,65.44499969482422,65.68000030517578,7621
2025-02-12 15:30:00+00:00,65.93499755859375,66.24859619140625,65.6500015258789,65.97000122070312,9029
2025-02-12 16:00:00+00:00,65.7750015258789,65.80999755859375,65.66000366210938,65.75,5276
2025-02-12 16:30:00+00:00,66.05999755859375,66.05999755859375,65.84500122070312,65.84500122070312,2659
2025-02-12 17:00:00+00:00,65.73999786376953,66.06500244140625,65.73999786376953,66.06500244140625,8976
2025-02-12 17:30:00+00:00,65.93000030517578,65.93000030517578,65.70999908447266,65.83999633789062,5148
2025-02-12 18:00:00+00:00,65.9749984741211,65.9749984741211,65.72010040283203,65.94450378417969,3451
2025-02-12 18:30:00+00:00,65.95999908447266,66.01499938964844,65.87999725341797,66.01499938964844,3172
2025-02-12 19:00:00+00:00,66.05500030517578,66.05500030517578,65.81999969482422,65.8499984741211,4009
2025-02-12 19:30:00+00:00,65.94499969482422,66.11000061035156,65.86000061035156,66.04000091552734,5666
2025-02-12 20:00:00+00:00,65.91500091552734,65.98999786376953,65.8499984741211,65.96499633789062,6811
2025-02-12 20:30:00+00:00,65.7699966430664,65.91500091552734,65.63999938964844,65.91500091552734,26166
2025-02-13 14:30:00+00:00,66.05500030517578,66.48999786376953,66.05500030517578,66.13999938964844,6055
2025-02-13 15:00:00+00:00,66.29000091552734,66.29000091552734,66.05000305175781,66.05000305175781,1724
2025-02-13 15:30:00+00:00,66.36000061035156,66.57499694824219,66.1176986694336,66.12120056152344,6769
2025-02-13 16:00:00+00:00,66.17500305175781,66.47000122070312,66.12000274658203,66.44999694824219,6439
2025-02-13 16:30:00+00:00,66.44999694824219,66.55999755859375,66.38500213623047,66.38500213623047,6724
2025-02-13 17:00:00+00:00,66.75,66.75,66.39700317382812,66.52999877929688,3621
2025-02-13 17:30:00+00:00,66.8949966430664,66.9999008178711,66.79000091552734,66.9999008178711,4071
2025-02-13 18:00:00+00:00,66.88999938964844,66.91000366210938,66.77999877929688,66.8949966430664,3403
2025-02-13 18:30:00+00:00,67.05000305175781,67.05000305175781,66.875,66.875,7216
2025-02-13 19:00:00+00:00,67.33000183105469,67.56999969482422,67.16999816894531,67.16999816894531,7598
2025-02-13 19:30:00+00:00,67.4800033569336,67.52999877929688,67.33999633789062,67.45989990234375,4410
2025-02-13 20:00:00+00:00,67.72000122070312,67.74500274658203,67.41999816894531,67.45999908447266,6280
2025-02-13 20:30:00+00:00,67.81999969482422,68.12000274658203,67.69000244140625,67.77999877929688,58648
2025-02-14 14:30:00+00:00,68.2699966430664,68.2699966430664,67.08000183105469,67.7699966430664,4552
2025-02-14 15:00:00+00:00,67.8499984741211,68.23500061035156,67.8499984741211,68.2300033569336,4478
2025-02-14 15:30:00+00:00,67.87000274658203,67.98500061035156,67.86000061035156,67.9800033569336,2190
2025-02-14 16:00:00+00:00,67.73999786376953,67.875,67.7300033569336,67.79000091552734,3653
2025-02-14 16:30:00+00:00,67.51499938964844,67.68000030517578,67.51499938964844,67.5250015258789,2605
2025-02-14 17:00:00+00:00,67.59960174560547,67.82499694824219,67.59960174560547,67.7699966430664,3294
2025-02-14 17:30:00+00:00,67.36499786376953,67.55000305175781,67.35160064697266,67.35160064697266,3321
2025-02-14 18:00:00+00:00,67.73999786376953,67.73999786376953,67.50499725341797,67.50499725341797,3580
2025-02-14 18:30:00+00:00,67.61499786376953,67.72000122070312,67.61499786376953,67.72000122070312,1263
2025-02-14 19:00:00+00:00,67.63999938964844,67.7156982421875,67.58499908447266,67.61499786376953,2223
2025-02-14 19:30:00+00:00,67.58000183105469,67.61000061035156,67.38999938964844,67.61000061035156,2358
2025-02-14 20:00:00+00:00,67.45500183105469,67.6500015258789,67.41500091552734,67.47000122070312,8853
2025-02-14 20:30:00+00:00,67.63999938964844,68.02999877929688,67.41999816894531,67.45500183105469,82413
2025-02-18 14:30:00+00:00,67.98999786376953,68.125,67.5,67.5,11420
2025-02-18 15:00:00+00:00,67.74909973144531,67.9749984741211,67.56999969482422,67.9749984741211,4029
2025-02-18 15:30:00+00:00,68.30999755859375,68.38999938964844,68.02279663085938,68.02279663085938,5735
2025-02-18 16:00:00+00:00,68.28910064697266,68.41999816894531,68.25,68.2699966430664,5922
2025-02-18 16:30:00+00:00,68.23999786376953,68.45999908447266,68.19000244140625,68.19000244140625,18187
2025-02-18 17:00:00+00:00,68.29000091552734,68.3499984741211,68.13999938964844,68.13999938964844,1967
2025-02-18 17:30:00+00:00,68.19999694824219,68.45999908447266,68.08000183105469,68.28500366210938,8616
2025-02-18 18:00:00+00:00,68.1500015258789,68.1500015258789,67.9749984741211,68.0,2663
2025-02-18 18:30:00+00:00,68.20500183105469,68.33999633789062,68.20500183105469,68.26000213623047,2030
2025-02-18 19:00:00+00:00,68.5199966430664,68.5199966430664,68.05000305175781,68.33000183105469,12752
2025-02-18 19:30:00+00:00,68.41000366210938,68.41000366210938,68.2699966430664,68.2699966430664,3780
2025-02-18 20:00:00+00:00,68.2699966430664,68.44999694824219,68.2699966430664,68.36000061035156,5169
2025-02-18 20:30:00+00:00,68.41000366210938,68.73999786376953,68.25,68.29000091552734,52137
2025-02-19 14:30:00+00:00,68.94000244140625,68.94000244140625,67.79000091552734,67.79000091552734,14023
2025-02-19 15:00:00+00:00,69.11499786376953,69.19999694824219,68.98999786376953,69.08999633789062,12475
2025-02-19 15:30:00+00:00,69.44999694824219,69.5199966430664,69.08499908447266,69.08499908447266,16778
2025-02-19 16:00:00+00:00,69.86000061035156,69.97000122070312,69.30999755859375,69.38999938964844,66256
2025-02-19 16:30:00+00:00,70.22000122070312,70.22000122070312,69.72000122070312,69.8499984741211,21097
2025-02-19 17:00:00+00:00,70.09500122070312,70.27999877929688,70.05000305175781,70.2300033569336,9629
2025-02-19 17:30:00+00:00,70.20999908447266,70.37000274658203,70.08999633789062,70.08999633789062,11335
2025-02-19 18:00:00+00:00,70.19000244140625,70.30000305175781,70.13009643554688,70.13009643554688,12492
2025-02-19 18:30:00+00:00,69.75,70.23999786376953,69.72000122070312,70.19000244140625,17824
2025-02-19 19:00:00+00:00,69.7699966430664,69.91000366210938,69.6500015258789,69.70999908447266,9670
2025-02-19 19:30:00+00:00,69.98999786376953,70.06999969482422,69.83000183105469,69.83000183105469,10925
2025-02-19 20:00:00+00:00,70.18000030517578,70.2300033569336,69.91999816894531,69.98999786376953,9836
2025-02-19 20:30:00+00:00,69.69000244140625,70.37999725341797,69.55999755859375,70.2300033569336,87171
2025-02-20 14:30:00+00:00,69.125,69.38999938964844,68.69999694824219,69.33000183105469,5065
2025-02-20 15:00:00+00:00,69.31999969482422,69.3949966430664,69.19999694824219,69.37999725341797,3544
2025-02-20 15:30:00+00:00,69.73999786376953,69.73999786376953,69.13999938964844,69.15499877929688,11692
2025-02-20 16:00:00+00:00,69.96499633789062,70.05999755859375,69.6500015258789,69.73999786376953,6992
2025-02-20 16:30:00+00:00,69.7300033569336,70.01000213623047,69.7300033569336,69.96499633789062,5203
2025-02-20 17:00:00+00:00,69.83999633789062,69.8499984741211,69.66000366210938,69.7699966430664,5660
2025-02-20 17:30:00+00:00,69.76000213623047,69.83000183105469,69.55999755859375,69.81999969482422,8031
2025-02-20 18:00:00+00:00,69.52999877929688,69.77999877929688,69.4800033569336,69.77999877929688,5811
2025-02-20 18:30:00+00:00,69.83920288085938,69.83999633789062,69.56500244140625,69.58000183105469,6901
2025-02-20 19:00:00+00:00,69.95590209960938,70.02999877929688,69.86000061035156,69.86000061035156,4425
2025-02-20 19:30:00+00:00,69.98999786376953,70.08000183105469,69.8499984741211,70.0,11240
2025-02-20 20:00:00+00:00,69.91999816894531,70.08999633789062,69.91999816894531,70.0,13313
2025-02-20 20:30:00+00:00,69.7699966430664,69.8949966430664,69.56999969482422,69.8949966430664,63911
2025-02-21 14:30:00+00:00,70.19999694824219,70.69000244140625,70.08689880371094,70.30999755859375,15103
2025-02-21 15:00:00+00:00,69.29000091552734,70.13500213623047,69.22000122070312,69.87000274658203,8584
2025-02-21 15:30:00+00:00,68.91999816894531,69.11000061035156,68.79000091552734,69.11000061035156,3114
2025-02-21 16:00:00+00:00,68.94999694824219,69.05999755859375,68.8125991821289,68.91999816894531,5890
2025-02-21 16:30:00+00:00,68.83999633789062,68.97000122070312,68.76000213623047,68.94499969482422,7342
2025-02-21 17:00:00+00:00,68.86000061035156,68.95999908447266,68.83999633789062,68.83999633789062,3415
2025-02-21 17:30:00+00:00,68.7249984741211,68.87000274658203,68.69999694824219,68.86000061035156,4658
2025-02-21 18:00:00+00:00,68.7699966430664,68.86000061035156,68.58000183105469,68.80999755859375,7435
2025-02-21 18:30:00+00:00,68.51000213623047,68.61000061035156,68.51000213623047,68.61000061035156,3005
2025-02-21 19:00:00+00:00,68.62000274658203,68.62000274658203,68.33159637451172,68.375,8591
2025-02-21 19:30:00+00:00,68.86499786376953,68.86499786376953,68.43000030517578,68.43000030517578,6697
2025-02-21 20:00:00+00:00,69.05000305175781,69.0999984741211,68.86000061035156,68.86499786376953,6833
2025-02-21 20:30:00+00:00,69.0,69.38999938964844,68.93499755859375,69.0896987915039,50054
2025-02-24 14:30:00+00:00,69.5999984741211,69.5999984741211,68.81999969482422,68.81999969482422,5799
2025-02-24 15:00:00+00:00,70.0999984741211,70.44670104980469,69.58999633789062,69.74500274658203,11308
2025-02-24 15:30:00+00:00,70.12999725341797,70.7166976928711,69.94999694824219,70.16000366210938,9232
2025-02-24 16:00:00+00:00,70.37999725341797,70.7166976928711,70.16000366210938,70.16000366210938,10811
2025-02-24 16:30:00+00:00,70.11329650878906,70.55670166015625,70.11329650878906,70.44999694824219,4440
2025-02-24 17:00:00+00:00,70.30000305175781,70.48660278320312,70.22000122070312,70.35749816894531,8477
2025-02-24 17:30:00+00:00,70.4749984741211,70.5,70.32499694824219,70.32499694824219,8241
2025-02-24 18:00:00+00:00,70.7249984741211,70.7249984741211,70.3499984741211,70.48999786376953,19653
2025-02-24 18:30:00+00:00,70.75869750976562,70.80819702148438,70.5199966430664,70.7249984741211,18164
2025-02-24 19:00:00+00:00,70.69000244140625,70.80999755859375,70.61000061035156,70.80999755859375,9959
2025-02-24 19:30:00+00:00,70.56670379638672,70.70999908447266,70.33000183105469,70.65499877929688,17094
2025-02-24 20:00:00+00:00,70.90650177001953,70.9800033569336,70.48999786376953,70.56670379638672,20243
2025-02-24 20:30:00+00:00,70.68000030517578,71.04499816894531,70.67500305175781,70.88999938964844,58237
2025-02-25 14:30:00+00:00,72.0,72.0,70.69999694824219,70.69999694824219,6900
2025-02-25 15:00:00+00:00,71.87000274658203,72.0,71.62000274658203,71.62000274658203,11128
2025-02-25 15:30:00+00:00,71.93000030517578,72.11000061035156,71.76000213623047,71.9000015258789,11434
2025-02-25 16:00:00+00:00,72.01000213623047,72.18000030517578,71.89009857177734,71.89009857177734,7585
2025-02-25 16:30:00+00:00,71.87000274658203,72.11000061035156,71.87000274658203,72.01409912109375,5186
2025-02-25 17:00:00+00:00,71.48999786376953,72.08000183105469,71.48999786376953,71.87000274658203,7044
2025-02-25 17:30:00+00:00,71.72000122070312,71.76000213623047,71.33999633789062,71.44000244140625,7700
2025-02-25 18:00:00+00:00,71.58999633789062,71.75499725341797,71.58999633789062,71.6082992553711,2840
2025-02-25 18:30:00+00:00,71.55999755859375,71.55999755859375,71.3499984741211,71.375,7539
2025-02-25 19:00:00+00:00,71.30999755859375,71.70999908447266,71.30999755859375,71.55999755859375,10575
2025-02-25 19:30:00+00:00,71.4800033569336,71.54000091552734,71.21499633789062,71.33999633789062,9949
2025-02-25 20:00:00+00:00,71.375,71.51000213623047,71.1449966430664,71.4800033569336,14858
2025-02-25 20:30:00+00:00,71.2699966430664,71.58000183105469,71.16000366210938,71.37000274658203,38191
2025-02-26 14:30:00+00:00,72.0999984741211,73.50499725341797,71.37000274658203,71.37000274658203,40276
2025-02-26 15:00:00+00:00,73.0199966430664,73.13999938964844,72.0999984741211,72.0999984741211,21873
2025-02-26 15:30:00+00:00,71.80999755859375,73.02999877929688,71.80999755859375,73.01499938964844,12445
2025-02-26 16:00:00+00:00,71.19000244140625,71.87000274658203,71.13999938964844,71.56999969482422,22128
2025-02-26 16:30:00+00:00,70.3499984741211,71.05999755859375,70.30000305175781,71.04000091552734,12817
2025-02-26 17:00:00+00:00,70.26000213623047,70.63999938964844,70.13009643554688,70.62999725341797,5945
2025-02-26 17:30:00+00:00,69.95999908447266,70.29000091552734,69.95999908447266,70.29000091552734,4895
2025-02-26 18:00:00+00:00,69.85359954833984,70.08000183105469,69.7699966430664,70.0,14038
2025-02-26 18:30:00+00:00,69.81999969482422,69.91000366210938,69.62999725341797,69.69000244140625,7422
2025-02-26 19:00:00+00:00,70.6613998413086,70.80999755859375,69.7249984741211,69.87000274658203,11705
2025-02-26 19:30:00+00:00,70.45999908447266,70.8499984741211,70.37999725341797,70.70999908447266,19273
2025-02-26 20:00:00+00:00,70.87999725341797,70.93000030517578,70.3949966430664,70.51000213623047,15323
2025-02-26 20:30:00+00:00,71.30000305175781,71.38999938964844,70.87000274658203,70.9000015258789,63244
2025-02-27 14:30:00+00:00,71.58000183105469,71.58000183105469,70.44090270996094,70.8499984741211,5845
2025-02-27 15:00:00+00:00,71.51000213623047,71.79000091552734,71.10009765625,71.55999755859375,4664
2025-02-27 15:30:00+00:00,71.76000213623047,71.87999725341797,71.36000061035156,71.51000213623047,6253
2025-02-27 16:00:00+00:00,71.55999755859375,71.88999938964844,71.48999786376953,71.88999938964844,4984
2025-02-27 16:30:00+00:00,71.2699966430664,71.66000366210938,71.19000244140625,71.63999938964844,7608
2025-02-27 17:00:00+00:00,70.94750213623047,71.20999908447266,70.88999938964844,71.20999908447266,3560
2025-02-27 17:30:00+00:00,70.87999725341797,70.98999786376953,70.87999725341797,70.98999786376953,5071
2025-02-27 18:00:00+00:00,71.1500015258789,71.1500015258789,71.02999877929688,71.02999877929688,2471
2025-02-27 18:30:00+00:00,71.25,71.25,71.08999633789062,71.1500015258789,3016
2025-02-27 19:00:00+00:00,71.0999984741211,71.3949966430664,71.01000213623047,71.25,6868
2025-02-27 19:30:00+00:00,70.94999694824219,71.0999984741211,70.87000274658203,71.0999984741211,12099
2025-02-27 20:00:00+00:00,71.02999877929688,71.1500015258789,70.75499725341797,70.94000244140625,17159
2025-02-27 20:30:00+00:00,71.23999786376953,71.51000213623047,71.03500366210938,71.03500366210938,44015
2025-02-28 14:30:00+00:00,71.0,71.30000305175781,71.0,71.25,3652
2025-02-28 15:00:00+00:00,70.71499633789062,71.04280090332031,70.71499633789062,71.0199966430664,3250
2025-02-28 15:30:00+00:00,70.75,70.84500122070312,70.56999969482422,70.6500015258789,10001
2025-02-28 16:00:00+00:00,71.06500244140625,71.11000061035156,70.7249984741211,70.7249984741211,5774
2025-02-28 16:30:00+00:00,70.88500213623047,71.06500244140625,70.66500091552734,71.06500244140625,20094
2025-02-28 17:00:00+00:00,70.7300033569336,70.84500122070312,70.63999938964844,70.81999969482422,10225
2025-02-28 17:30:00+00:00,70.3550033569336,70.62000274658203,70.19249725341797,70.62000274658203,12027
2025-02-28 18:00:00+00:00,70.33999633789062,70.43000030517578,70.19000244140625,70.3550033569336,7393
2025-02-28 18:30:00+00:00,70.5,70.68000030517578,70.2699966430664,70.3550033569336,11832
2025-02-28 19:00:00+00:00,70.80000305175781,70.91000366210938,70.48500061035156,70.48500061035156,12943
2025-02-28 19:30:00+00:00,71.04000091552734,71.04000091552734,70.84500122070312,70.84500122070312,11304
2025-02-28 20:00:00+00:00,71.80999755859375,71.83000183105469,71.0199966430664,71.05999755859375,25446
2025-02-28 20:30:00+00:00,71.69499969482422,71.83000183105469,71.31999969482422,71.75,91376
2025-03-03 14:30:00+00:00,71.54000091552734,71.68000030517578,71.26000213623047,71.44999694824219,10569
2025-03-03 15:00:00+00:00,71.77999877929688,72.39450073242188,71.56999969482422,71.7249984741211,11930
2025-03-03 15:30:00+00:00,71.87000274658203,72.01499938964844,71.6500015258789,71.75,11367
2025-03-03 16:00:00+00:00,72.08999633789062,72.19999694824219,71.83000183105469,71.83000183105469,9388
2025-03-03 16:30:00+00:00,72.12000274658203,72.1500015258789,72.01000213623047,72.13999938964844,8212
2025-03-03 17:00:00+00:00,72.41999816894531,72.47000122070312,72.11499786376953,72.11499786376953,6666
2025-03-03 17:30:00+00:00,72.62000274658203,72.625,72.36000061035156,72.36000061035156,14980
2025-03-03 18:00:00+00:00,72.55500030517578,72.6500015258789,72.5199966430664,72.62000274658203,7118
2025-03-03 18:30:00+00:00,72.38999938964844,72.62999725341797,72.37999725341797,72.55500030517578,13373
2025-03-03 19:00:00+00:00,72.67500305175781,72.88999938964844,72.47000122070312,72.47000122070312,8618
2025-03-03 19:30:00+00:00,72.55999755859375,72.93000030517578,72.55999755859375,72.72000122070312,15200
2025-03-03 20:00:00+00:00,72.6500015258789,72.87000274658203,72.40650177001953,72.5199966430664,18502
2025-03-03 20:30:00+00:00,73.20500183105469,73.41000366210938,72.58999633789062,72.62000274658203,72567
2025-03-04 14:30:00+00:00,73.34500122070312,74.13999938964844,73.08999633789062,73.26000213623047,17356
2025-03-04 15:00:00+00:00,73.44999694824219,73.51000213623047,73.1500015258789,73.48999786376953,8753
2025-03-04 15:30:00+00:00,73.41500091552734,73.61990356445312,73.31500244140625,73.5199966430664,5383
2025-03-04 16:00:00+00:00,73.3550033569336,73.58999633789062,73.20999908447266,73.58999633789062,7624
2025-03-04 16:30:00+00:00,73.2699966430664,73.56999969482422,73.19999694824219,73.3550033569336,10639
2025-03-04 17:00:00+00:00,73.30500030517578,73.58999633789062,73.22000122070312,73.25,10955
2025-03-04 17:30:00+00:00,73.04499816894531,73.41000366210938,72.94999694824219,73.30999755859375,14410
2025-03-04 18:00:00+00:00,73.16999816894531,73.31999969482422,72.95999908447266,73.04499816894531,7912
2025-03-04 18:30:00+00:00,73.56999969482422,73.69000244140625,73.2699966430664,73.2699966430664,10195
2025-03-04 19:00:00+00:00,73.30500030517578,73.77999877929688,73.26000213623047,73.56999969482422,14746
2025-03-04 19:30:00+00:00,73.06500244140625,73.4800033569336,73.0,73.30999755859375,14159
2025-03-04 20:00:00+00:00,73.19999694824219,73.22000122070312,72.94999694824219,73.1500015258789,22428
2025-03-04 20:30:00+00:00,73.0,73.25,72.71499633789062,73.25,56680
2025-03-05 14:30:00+00:00,73.2300033569336,73.72000122070312,72.61000061035156,72.61000061035156,6625
2025-03-05 15:00:00+00:00,72.6500015258789,73.16999816894531,72.6500015258789,72.98999786376953,3946
2025-03-05 15:30:00+00:00,72.23930358886719,72.69999694824219,72.23930358886719,72.61499786376953,7315
2025-03-05 16:00:00+00:00,72.30000305175781,72.61000061035156,72.29000091552734,72.30000305175781,11429
2025-03-05 16:30:00+00:00,72.55000305175781,72.55000305175781,72.20500183105469,72.29000091552734,23359
2025-03-05 17:00:00+00:00,72.81999969482422,72.87999725341797,72.5,72.54499816894531,6535
2025-03-05 17:30:00+00:00,72.98999786376953,73.12000274658203,72.88999938964844,72.93000030517578,8921
2025-03-05 18:00:00+00:00,72.79000091552734,73.0,72.72000122070312,72.98999786376953,9231
2025-03-05 18:30:00+00:00,73.19999694824219,73.20500183105469,72.80000305175781,72.81500244140625,10806
2025-03-05 19:00:00+00:00,73.18000030517578,73.2699966430664,73.0999984741211,73.11000061035156,6331
2025-03-05 19:30:00+00:00,73.2699966430664,73.43000030517578,73.2249984741211,73.2300033569336,7413
2025-03-05 20:00:00+00:00,73.66000366210938,73.70999908447266,73.29000091552734,73.33999633789062,24128
2025-03-05 20:30:00+00:00,73.41000366210938,73.69999694824219,73.4000015258789,73.62000274658203,46489
2025-03-06 14:30:00+00:00,71.83499908447266,73.05000305175781,71.83499908447266,73.05000305175781,7719
2025-03-06 15:00:00+00:00,71.33999633789062,71.77999877929688,71.33999633789062,71.72000122070312,7865
2025-03-06 15:30:00+00:00,72.28500366210938,72.28500366210938,71.45500183105469,71.45500183105469,7081
2025-03-06 16:00:00+00:00,72.42500305175781,72.76000213623047,72.31500244140625,72.31500244140625,6225
2025-03-06 16:30:00+00:00,72.13999938964844,72.69499969482422,72.13999938964844,72.51000213623047,7099
2025-03-06 17:00:00+00:00,71.94999694824219,72.18000030517578,71.8949966430664,72.0199966430664,11108
2025-03-06 17:30:00+00:00,72.0,72.0,71.87999725341797,71.97000122070312,5249
2025-03-06 18:00:00+00:00,71.86000061035156,72.05999755859375,71.77999877929688,71.95500183105469,11771
2025-03-06 18:30:00+00:00,71.75,71.79000091552734,71.58000183105469,71.7750015258789,7588
2025-03-06 19:00:00+00:00,71.8550033569336,71.97000122070312,71.80500030517578,71.86000061035156,15495
2025-03-06 19:30:00+00:00,71.72000122070312,71.98999786376953,71.63999938964844,71.91000366210938,22022
2025-03-06 20:00:00+00:00,72.2300033569336,72.2300033569336,71.70999908447266,71.70999908447266,16262
2025-03-06 20:30:00+00:00,71.91999816894531,72.3499984741211,71.80000305175781,72.16999816894531,75028
2025-03-07 14:30:00+00:00,72.62000274658203,72.91999816894531,72.0999984741211,72.0999984741211,7556
2025-03-07 15:00:00+00:00,72.45999908447266,72.62000274658203,72.31999969482422,72.62000274658203,5165
2025-03-07 15:30:00+00:00,72.63999938964844,73.12999725341797,72.38999938964844,72.41619873046875,12234
2025-03-07 16:00:00+00:00,72.44750213623047,72.56999969482422,72.36000061035156,72.56999969482422,7442
2025-03-07 16:30:00+00:00,72.5,72.56999969482422,72.3499984741211,72.3499984741211,11130
2025-03-07 17:00:00+00:00,72.18000030517578,72.55999755859375,72.18000030517578,72.49500274658203,11847
2025-03-07 17:30:00+00:00,72.57499694824219,72.95500183105469,72.22000122070312,72.30999755859375,22547
2025-03-07 18:00:00+00:00,73.13999938964844,73.3550033569336,72.55000305175781,72.55000305175781,17774
2025-03-07 18:30:00+00:00,72.99500274658203,73.26499938964844,72.9800033569336,73.13999938964844,12716
2025-03-07 19:00:00+00:00,72.74176025390625,73.13500213623047,72.6500015258789,73.01499938964844,14193
2025-03-07 19:30:00+00:00,72.4800033569336,73.0199966430664,72.44000244140625,72.7699966430664,9185
2025-03-07 20:00:00+00:00,72.80500030517578,72.80500030517578,72.48999786376953,72.5199966430664,18562
2025-03-07 20:30:00+00:00,72.91999816894531,73.05999755859375,72.54000091552734,72.80500030517578,55460
2025-03-10 13:30:00+00:00,73.94000244140625,74.27999877929688,72.77999877929688,72.77999877929688,7991
2025-03-10 14:00:00+00:00,73.98999786376953,74.76000213623047,73.93000030517578,73.93499755859375,31489
2025-03-10 14:30:00+00:00,75.04000091552734,75.04000091552734,73.98500061035156,73.98500061035156,7084
2025-03-10 15:00:00+00:00,74.3949966430664,75.25,74.3949966430664,75.05999755859375,10585
2025-03-10 15:30:00+00:00,74.2300033569336,74.55999755859375,73.7699966430664,74.23999786376953,34387
2025-03-10 16:00:00+00:00,74.3949966430664,74.3949966430664,74.36499786376953,74.36499786376953,1397
2025-03-10 16:30:00+00:00,74.47000122070312,74.68000030517578,74.38999938964844,74.3949966430664,13311
2025-03-10 17:00:00+00:00,74.2300033569336,74.52999877929688,74.20999908447266,74.41000366210938,18686
2025-03-10 17:30:00+00:00,74.33499908447266,74.37000274658203,74.20999908447266,74.25,5725
2025-03-10 18:00:00+00:00,74.44000244140625,74.87999725341797,74.36499786376953,74.36499786376953,13417
2025-03-10 18:30:00+00:00,74.31999969482422,74.68000030517578,74.28600311279297,74.63500213623047,8599
2025-03-10 19:00:00+00:00,74.43000030517578,74.44999694824219,74.08000183105469,74.30999755859375,16773
2025-03-10 19:30:00+00:00,74.13999938964844,74.5999984741211,73.98999786376953,74.5999984741211,65142
2025-03-11 13:30:00+00:00,74.08999633789062,74.33999633789062,73.7699966430664,74.33999633789062,6077
2025-03-11 14:00:00+00:00,74.55999755859375,74.55999755859375,73.80999755859375,73.98999786376953,8141
2025-03-11 14:30:00+00:00,74.0,74.50499725341797,73.93000030517578,74.50499725341797,8350
2025-03-11 15:00:00+00:00,74.04499816894531,74.44999694824219,73.77999877929688,74.0199966430664,7673
2025-03-11 15:30:00+00:00,73.47000122070312,74.20999908447266,73.46499633789062,74.18000030517578,10629
2025-03-11 16:00:00+00:00,73.08999633789062,73.51000213623047,73.08999633789062,73.4800033569336,5620
2025-03-11 16:30:00+00:00,72.72000122070312,73.08000183105469,72.5999984741211,73.04000091552734,13752
2025-03-11 17:00:00+00:00,72.37000274658203,72.9000015258789,72.25,72.9000015258789,26003
2025-03-11 17:30:00+00:00,72.2300033569336,72.5199966430664,72.15239715576172,72.5,5799
2025-03-11 18:00:00+00:00,72.89929962158203,73.185302734375,72.41000366210938,72.41000366210938,24568
2025-03-11 18:30:00+00:00,73.51000213623047,73.66999816894531,72.9000015258789,72.9000015258789,12706
2025-03-11 19:00:00+00:00,73.45500183105469,73.70999908447266,73.23500061035156,73.50499725341797,11937
2025-03-11 19:30:00+00:00,73.38999938964844,73.79499816894531,73.33000183105469,73.45500183105469,60424
2025-03-12 13:30:00+00:00,72.98999786376953,73.31999969482422,72.42500305175781,73.31999969482422,16283
2025-03-12 14:00:00+00:00,72.69999694824219,72.91500091552734,72.41999816894531,72.77999877929688,16453
2025-03-12 14:30:00+00:00,72.77999877929688,72.86000061035156,72.45999908447266,72.72000122070312,9753
2025-03-12 15:00:00+00:00,72.05000305175781,72.79000091552734,72.05000305175781,72.79000091552734,6179
2025-03-12 15:30:00+00:00,71.5999984741211,72.12999725341797,71.20999908447266,72.12999725341797,9162
2025-03-12 16:00:00+00:00,72.11000061035156,72.30000305175781,71.54000091552734,71.57499694824219,26123
2025-03-12 16:30:00+00:00,72.20999908447266,72.55999755859375,72.13999938964844,72.1449966430664,12566
2025-03-12 17:00:00+00:00,72.55999755859375,72.55999755859375,72.11000061035156,72.2699966430664,6544
2025-03-12 17:30:00+00:00,72.41999816894531,72.6500015258789,72.41999816894531,72.43000030517578,8062
2025-03-12 18:00:00+00:00,72.91000366210938,72.91000366210938,72.38500213623047,72.50499725341797,10790
2025-03-12 18:30:00+00:00,73.13999938964844,73.27999877929688,72.88999938964844,72.91999816894531,11840
2025-03-12 19:00:00+00:00,73.01000213623047,73.0199966430664,72.65899658203125,72.88999938964844,13853
2025-03-12 19:30:00+00:00,72.87999725341797,73.41000366210938,72.72000122070312,73.05000305175781,52309
2025-03-13 13:30:00+00:00,73.18499755859375,73.87999725341797,73.18499755859375,73.25,4945
2025-03-13 14:00:00+00:00,73.6500015258789,73.94000244140625,73.5250015258789,73.5250015258789,3452
2025-03-13 14:30:00+00:00,73.73699951171875,73.91999816894531,73.62000274658203,73.83999633789062,5820
2025-03-13 15:00:00+00:00,73.2699966430664,73.62000274658203,73.26000213623047,73.62000274658203,5774
2025-03-13 15:30:00+00:00,72.62000274658203,73.36499786376953,72.43000030517578,73.23999786376953,6549
2025-03-13 16:00:00+00:00,72.94000244140625,72.95999908447266,72.44339752197266,72.58999633789062,11914
2025-03-13 16:30:00+00:00,73.1500015258789,73.27999877929688,72.80000305175781,72.80000305175781,4659
2025-03-13 17:00:00+00:00,72.8395004272461,73.25,72.8395004272461,73.23519897460938,2471
2025-03-13 17:30:00+00:00,72.91999816894531,72.94999694824219,72.80000305175781,72.94999694824219,4468
2025-03-13 18:00:00+00:00,72.94000244140625,73.08999633789062,72.80999755859375,73.04000091552734,8019
2025-03-13 18:30:00+00:00,73.2699966430664,73.41500091552734,73.04000091552734,73.04000091552734,10343
2025-03-13 19:00:00+00:00,73.34500122070312,73.55000305175781,73.2699966430664,73.27999877929688,15083
2025-03-13 19:30:00+00:00,73.4000015258789,73.76750183105469,73.33999633789062,73.34500122070312,51633
2025-03-14 13:30:00+00:00,73.7300033569336,73.9749984741211,73.33000183105469,73.73999786376953,5930
2025-03-14 14:00:00+00:00,73.51010131835938,73.67500305175781,73.43000030517578,73.43000030517578,4622
2025-03-14 14:30:00+00:00,73.95999908447266,73.95999908447266,73.66010284423828,73.69999694824219,2728
2025-03-14 15:00:00+00:00,74.43499755859375,74.43499755859375,73.92500305175781,73.92500305175781,6564
2025-03-14 15:30:00+00:00,74.5250015258789,74.5250015258789,74.33999633789062,74.51090240478516,3292
2025-03-14 16:00:00+00:00,74.125,74.49169921875,74.125,74.49169921875,3985
2025-03-14 16:30:00+00:00,74.11499786376953,74.2699966430664,74.0,74.0,3210
2025-03-14 17:00:00+00:00,74.33999633789062,74.33999633789062,74.08999633789062,74.22000122070312,2233
2025-03-14 17:30:00+00:00,74.30999755859375,74.56999969482422,74.30999755859375,74.37999725341797,7881
2025-03-14 18:00:00+00:00,74.34500122070312,74.41000366210938,74.30999755859375,74.4000015258789,3857
2025-03-14 18:30:00+00:00,74.54000091552734,74.56999969482422,74.37999725341797,74.39600372314453,6012
2025-03-14 19:00:00+00:00,74.7750015258789,74.77999877929688,74.44999694824219,74.54450225830078,7283
2025-03-14 19:30:00+00:00,74.9800033569336,75.13999938964844,74.66999816894531,74.7750015258789,50259
2025-03-17 13:30:00+00:00,75.83999633789062,75.83999633789062,75.0,75.0,5575
2025-03-17 14:00:00+00:00,75.80999755859375,75.87999725341797,75.62999725341797,75.79000091552734,2914
2025-03-17 14:30:00+00:00,75.8499984741211,75.87000274658203,75.7249984741211,75.7300033569336,2559
2025-03-17 15:00:00+00:00,75.56999969482422,75.83999633789062,75.43499755859375,75.83999633789062,5242
2025-03-17 15:30:00+00:00,75.19080352783203,75.43000030517578,75.16999816894531,75.37999725341797,5518
2025-03-17 16:00:00+00:00,75.38999938964844,75.45999908447266,75.22000122070312,75.28500366210938,4726
2025-03-17 16:30:00+00:00,75.26499938964844,75.30000305175781,75.20999908447266,75.20999908447266,2010
2025-03-17 17:00:00+00:00,75.3499984741211,75.3499984741211,75.12999725341797,75.19999694824219,5749
2025-03-17 17:30:00+00:00,75.80999755859375,75.81999969482422,75.2699966430664,75.2699966430664,7267
2025-03-17 18:00:00+00:00,75.7699966430664,76.0199966430664,75.69499969482422,75.83999633789062,15133
2025-03-17 18:30:00+00:00,75.86000061035156,75.87000274658203,75.63999938964844,75.80999755859375,11471
2025-03-17 19:00:00+00:00,75.77999877929688,75.87999725341797,75.75,75.87999725341797,7493
2025-03-17 19:30:00+00:00,75.41999816894531,75.81999969482422,75.32499694824219,75.80999755859375,46325
2025-03-18 13:30:00+00:00,75.5,75.79000091552734,75.19000244140625,75.44999694824219,4772
2025-03-18 14:00:00+00:00,75.78500366210938,76.09500122070312,75.57499694824219,75.57499694824219,6800
2025-03-18 14:30:00+00:00,75.76499938964844,75.80500030517578,75.62999725341797,75.79499816894531,4056
2025-03-18 15:00:00+00:00,75.69000244140625,75.92970275878906,75.5,75.83999633789062,13338
2025-03-18 15:30:00+00:00,76.18000030517578,76.18000030517578,75.8550033569336,75.90589904785156,7052
2025-03-18 16:00:00+00:00,76.13999938964844,76.30000305175781,76.08000183105469,76.19999694824219,4167
2025-03-18 16:30:00+00:00,76.30000305175781,76.37000274658203,76.19000244140625,76.30000305175781,6942
2025-03-18 17:00:00+00:00,76.31999969482422,76.5,76.11499786376953,76.2750015258789,10865
2025-03-18 17:30:00+00:00,76.4800033569336,76.58499908447266,76.37999725341797,76.44999694824219,6519
2025-03-18 18:00:00+00:00,76.29000091552734,76.5,76.29000091552734,76.37999725341797,11296
2025-03-18 18:30:00+00:00,76.2699966430664,76.4800033569336,76.2699966430664,76.46749877929688,6222
2025-03-18 19:00:00+00:00,76.23999786376953,76.25,76.08499908447266,76.08499908447266,4035
2025-03-18 19:30:00+00:00,76.04499816894531,76.23500061035156,75.73999786376953,76.2300033569336,40229
2025-03-19 13:30:00+00:00,75.8499984741211,76.52120208740234,75.8499984741211,76.05999755859375,4523
2025-03-19 14:00:00+00:00,75.70500183105469,75.875,75.3499984741211,75.83000183105469,3360
2025-03-19 14:30:00+00:00,75.2249984741211,75.5999984741211,75.2249984741211,75.5999984741211,3239
2025-03-19 15:00:00+00:00,74.9749984741211,75.1500015258789,74.75499725341797,75.1500015258789,6990
2025-03-19 15:30:00+00:00,74.95999908447266,75.09500122070312,74.66999816894531,75.01000213623047,5805
2025-03-19 16:00:00+00:00,75.23999786376953,75.47000122070312,75.23999786376953,75.36499786376953,4316
2025-03-19 16:30:00+00:00,75.45999908447266,75.4800033569336,75.37000274658203,75.4800033569336,3813
2025-03-19 17:00:00+00:00,75.55000305175781,75.87670135498047,75.37999725341797,75.37999725341797,16331
2025-03-19 17:30:00+00:00,75.7750015258789,75.87999725341797,75.4749984741211,75.4749984741211,5500
2025-03-19 18:00:00+00:00,75.76499938964844,76.05000305175781,75.3499984741211,75.58000183105469,16547
2025-03-19 18:30:00+00:00,75.93499755859375,76.04000091552734,75.73500061035156,75.76499938964844,7550
2025-03-19 19:00:00+00:00,75.76000213623047,76.05000305175781,75.66000366210938,76.05000305175781,6477
2025-03-19 19:30:00+00:00,75.5199966430664,75.83000183105469,75.36000061035156,75.52010345458984,35940
2025-03-20 13:30:00+00:00,75.48500061035156,75.48500061035156,74.87999725341797,74.87999725341797,6492
2025-03-20 14:00:00+00:00,75.86000061035156,75.86000061035156,75.12200164794922,75.12200164794922,1812
2025-03-20 14:30:00+00:00,75.61000061035156,75.86519622802734,75.29000091552734,75.86519622802734,13722
2025-03-20 15:00:00+00:00,75.63999938964844,75.9000015258789,75.4800033569336,75.9000015258789,14009
2025-03-20 15:30:00+00:00,75.82080078125,75.87999725341797,75.43499755859375,75.63999938964844,10041
2025-03-20 16:00:00+00:00,75.87999725341797,76.05560302734375,75.79000091552734,75.94529724121094,7249
2025-03-20 16:30:00+00:00,75.61000061035156,75.92500305175781,75.5999984741211,75.92500305175781,6591
2025-03-20 17:00:00+00:00,75.19000244140625,75.76000213623047,75.19000244140625,75.62999725341797,5659
2025-03-20 17:30:00+00:00,75.4800033569336,75.55999755859375,75.4749984741211,75.5199966430664,3979
2025-03-20 18:00:00+00:00,75.31999969482422,75.58719635009766,75.30999755859375,75.33999633789062,4077
2025-03-20 18:30:00+00:00,75.22000122070312,75.43599700927734,75.1500015258789,75.43599700927734,5649
2025-03-20 19:00:00+00:00,75.12999725341797,75.4000015258789,75.12999725341797,75.19999694824219,17595
2025-03-20 19:30:00+00:00,74.66999816894531,75.2300033569336,74.63999938964844,75.20999908447266,69986
2025-03-21 13:30:00+00:00,74.0999984741211,74.6050033569336,73.64520263671875,74.52999877929688,67125
2025-03-21 14:00:00+00:00,74.33000183105469,74.33000183105469,73.73999786376953,74.0999984741211,3170
2025-03-21 14:30:00+00:00,74.54000091552734,74.54000091552734,74.11000061035156,74.11000061035156,2769
2025-03-21 15:00:00+00:00,74.56999969482422,74.62000274658203,74.2750015258789,74.58000183105469,12025
2025-03-21 15:30:00+00:00,74.51000213623047,74.7300033569336,74.32499694824219,74.61000061035156,9439
2025-03-21 16:00:00+00:00,74.37000274658203,74.61000061035156,74.36499786376953,74.44499969482422,10720
2025-03-21 16:30:00+00:00,74.5999984741211,74.5999984741211,74.30999755859375,74.3499984741211,8237
2025-03-21 17:00:00+00:00,74.36499786376953,74.54499816894531,74.30999755859375,74.54499816894531,7951
2025-03-21 17:30:00+00:00,74.0999984741211,74.36499786376953,74.0999984741211,74.36499786376953,8574
2025-03-21 18:00:00+00:00,73.69000244140625,74.0999984741211,73.69000244140625,74.0199966430664,9607
2025-03-21 18:30:00+00:00,74.20500183105469,74.20500183105469,73.66000366210938,73.66000366210938,13949
2025-03-21 19:00:00+00:00,74.1500015258789,74.41000366210938,74.1500015258789,74.20500183105469,20960
2025-03-21 19:30:00+00:00,73.36000061035156,73.94999694824219,73.33999633789062,73.94999694824219,112693
2025-03-24 13:30:00+00:00,73.8499984741211,74.04000091552734,73.42050170898438,73.63999938964844,6542
2025-03-24 14:00:00+00:00,74.03500366210938,74.03500366210938,73.39009857177734,73.66000366210938,6602
2025-03-24 14:30:00+00:00,73.94000244140625,74.06999969482422,73.44999694824219,73.94999694824219,21853
2025-03-24 15:00:00+00:00,74.4000015258789,74.4000015258789,73.9800033569336,74.0199966430664,8498
2025-03-24 15:30:00+00:00,74.44499969482422,74.44999694824219,74.33999633789062,74.35070037841797,9777
2025-03-24 16:00:00+00:00,74.5199966430664,74.58000183105469,74.43000030517578,74.4800033569336,9610
2025-03-24 16:30:00+00:00,74.54000091552734,74.72000122070312,74.3949966430664,74.5,6205
2025-03-24 17:00:00+00:00,74.7750015258789,74.7750015258789,74.44000244140625,74.47000122070312,6304
2025-03-24 17:30:00+00:00,74.83000183105469,74.86000061035156,74.75,74.75,2305
2025-03-24 18:00:00+00:00,74.55999755859375,74.80999755859375,74.55999755859375,74.80999755859375,2148
2025-03-24 18:30:00+00:00,74.76000213623047,74.83999633789062,74.54000091552734,74.58999633789062,3108
2025-03-24 19:00:00+00:00,74.6050033569336,74.73999786376953,74.6050033569336,74.66000366210938,3970
2025-03-24 19:30:00+00:00,74.62999725341797,74.98999786376953,74.62000274658203,74.62000274658203,22102
2025-03-25 13:30:00+00:00,73.7750015258789,74.36000061035156,73.70010375976562,74.36000061035156,4146
2025-03-25 14:00:00+00:00,74.26000213623047,74.26000213623047,73.98999786376953,73.98999786376953,5959
2025-03-25 14:30:00+00:00,74.58000183105469,74.58000183105469,73.91339874267578,74.30999755859375,17097
2025-03-25 15:00:00+00:00,74.08499908447266,74.27999877929688,74.04000091552734,74.04000091552734,34931
2025-03-25 15:30:00+00:00,73.62999725341797,74.08499908447266,73.62999725341797,74.08499908447266,8282
2025-03-25 16:00:00+00:00,73.79499816894531,73.79499816894531,73.55999755859375,73.61000061035156,5500
2025-03-25 16:30:00+00:00,73.78500366210938,74.1353988647461,73.60440063476562,73.79000091552734,8797
2025-03-25 17:00:00+00:00,73.83309936523438,73.83309936523438,73.72000122070312,73.79000091552734,4036
2025-03-25 17:30:00+00:00,74.0,74.11499786376953,73.85820007324219,73.9000015258789,4810
2025-03-25 18:00:00+00:00,73.95500183105469,74.07499694824219,73.94000244140625,74.05999755859375,9058
2025-03-25 18:30:00+00:00,73.94000244140625,74.05999755859375,73.94000244140625,74.05000305175781,5730
2025-03-25 19:00:00+00:00,73.94000244140625,74.13999938964844,73.83000183105469,74.0,8811
2025-03-25 19:30:00+00:00,73.73999786376953,73.94499969482422,73.19000244140625,73.94499969482422,38463
2025-03-26 13:30:00+00:00,73.80899810791016,74.20500183105469,73.50700378417969,74.05000305175781,3618
2025-03-26 14:00:00+00:00,73.62000274658203,74.30999755859375,73.55500030517578,73.80899810791016,7550
2025-03-26 14:30:00+00:00,74.0,74.23500061035156,73.5999984741211,73.9000015258789,6683
2025-03-26 15:00:00+00:00,74.06999969482422,74.5199966430664,74.0199966430664,74.02999877929688,13906
2025-03-26 15:30:00+00:00,73.94000244140625,74.16999816894531,73.88999938964844,74.05999755859375,7172
2025-03-26 16:00:00+00:00,73.94999694824219,73.98999786376953,73.91999816894531,73.9800033569336,3558
2025-03-26 16:30:00+00:00,73.86000061035156,74.0199966430664,73.83999633789062,73.93000030517578,4038
2025-03-26 17:00:00+00:00,74.23999786376953,74.4000015258789,73.83000183105469,73.87000274658203,10868
2025-03-26 17:30:00+00:00,74.01000213623047,74.18000030517578,74.01000213623047,74.16999816894531,5310
2025-03-26 18:00:00+00:00,74.25,74.30999755859375,74.0199966430664,74.08000183105469,19257
2025-03-26 18:30:00+00:00,73.87999725341797,74.25,73.87999725341797,74.25,11280
2025-03-26 19:00:00+00:00,73.9800033569336,74.00499725341797,73.81999969482422,73.87000274658203,25866
2025-03-26 19:30:00+00:00,74.1500015258789,74.1500015258789,73.75,74.0,54005
2025-03-27 13:30:00+00:00,74.4000015258789,74.68000030517578,74.33999633789062,74.33999633789062,1944
2025-03-27 14:00:00+00:00,74.59729766845703,74.84500122070312,74.51000213623047,74.69999694824219,2169
2025-03-27 14:30:00+00:00,74.80000305175781,74.94999694824219,74.49500274658203,74.86000061035156,85434
2025-03-27 15:00:00+00:00,74.73999786376953,74.96730041503906,74.73999786376953,74.96730041503906,3448
2025-03-27 15:30:00+00:00,73.94000244140625,74.6500015258789,73.94000244140625,74.6500015258789,3578
2025-03-27 16:00:00+00:00,73.98999786376953,74.19999694824219,73.98999786376953,74.11000061035156,4364
2025-03-27 16:30:00+00:00,73.80000305175781,73.97000122070312,73.80000305175781,73.97000122070312,3576
2025-03-27 17:00:00+00:00,74.05999755859375,74.17520141601562,73.87000274658203,74.01000213623047,5335
2025-03-27 17:30:00+00:00,73.88999938964844,73.9000015258789,73.61620330810547,73.9000015258789,3549
2025-03-27 18:00:00+00:00,74.0999984741211,74.0999984741211,73.94999694824219,73.94999694824219,1837
2025-03-27 18:30:00+00:00,73.87999725341797,74.06999969482422,73.87999725341797,74.05999755859375,2802
2025-03-27 19:00:00+00:00,74.11000061035156,74.22000122070312,73.86000061035156,73.86000061035156,7645
2025-03-27 19:30:00+00:00,73.75,74.1050033569336,73.70999908447266,74.08000183105469,38571
2025-03-28 13:30:00+00:00,73.6500015258789,74.4999008178711,73.6500015258789,74.22000122070312,5402
2025-03-28 14:00:00+00:00,73.71610260009766,74.03500366210938,73.71610260009766,74.03500366210938,1099
2025-03-28 14:30:00+00:00,73.93499755859375,74.04000091552734,73.8499984741211,74.04000091552734,4231
2025-03-28 15:00:00+00:00,73.79000091552734,74.00749969482422,73.79000091552734,74.00499725341797,4046
2025-03-28 15:30:00+00:00,73.88400268554688,73.91000366210938,73.80999755859375,73.8949966430664,1780
2025-03-28 16:00:00+00:00,74.0,74.01000213623047,73.91500091552734,73.91500091552734,4025
2025-03-28 16:30:00+00:00,74.04000091552734,74.05999755859375,73.87999725341797,73.95800018310547,5548
2025-03-28 17:00:00+00:00,73.98999786376953,74.07499694824219,73.9800033569336,73.9800033569336,3915
2025-03-28 17:30:00+00:00,74.09500122070312,74.09500122070312,74.09500122070312,74.09500122070312,370
2025-03-28 18:00:00+00:00,73.73999786376953,74.0999984741211,73.73999786376953,74.05000305175781,8724
2025-03-28 18:30:00+00:00,74.27999877929688,74.27999877929688,73.70999908447266,73.72000122070312,7118
2025-03-28 19:00:00+00:00,74.56500244140625,74.56999969482422,74.27999877929688,74.27999877929688,6466
2025-03-28 19:30:00+00:00,74.69999694824219,74.93000030517578,74.48999786376953,74.48999786376953,35495
2025-03-31 13:30:00+00:00,74.15499877929688,74.4000015258789,73.83419799804688,74.08000183105469,5959
2025-03-31 14:00:00+00:00,74.11000061035156,74.55130004882812,73.97000122070312,73.98500061035156,5609
2025-03-31 14:30:00+00:00,74.2228012084961,74.44999694824219,74.20500183105469,74.20500183105469,3142
2025-03-31 15:00:00+00:00,74.5199966430664,74.79000091552734,74.5199966430664,74.79000091552734,2237
2025-03-31 15:30:00+00:00,74.2699966430664,74.62000274658203,74.2699966430664,74.62000274658203,4277
2025-03-31 16:00:00+00:00,73.9000015258789,74.38999938964844,73.9000015258789,74.38999938964844,6833
2025-03-31 16:30:00+00:00,73.98500061035156,74.2300033569336,73.9800033569336,74.0,5399
2025-03-31 17:00:00+00:00,73.8499984741211,74.02999877929688,73.7699966430664,73.9800033569336,3171
2025-03-31 17:30:00+00:00,73.9749984741211,73.9800033569336,73.91000366210938,73.91000366210938,2126
2025-03-31 18:00:00+00:00,73.9749984741211,73.9749984741211,73.97000122070312,73.97000122070312,736
